"filename", "language", "JSON with Comments", "JSON", "Markdown", "TypeScript", "JavaScript", "comment", "blank", "total"
"c:\Users\Lenovo\Desktop\React——Editor\server\README.md", "Markdown", 0, 0, 1, 0, 0, 0, 0, 1
"c:\Users\Lenovo\Desktop\React——Editor\server\eslint.config.mjs", "JavaScript", 0, 0, 0, 0, 32, 1, 1, 34
"c:\Users\Lenovo\Desktop\React——Editor\server\nest-cli.json", "JSON", 0, 8, 0, 0, 0, 0, 1, 9
"c:\Users\Lenovo\Desktop\React——Editor\server\package-lock.json", "JSON", 0, 11321, 0, 0, 0, 0, 1, 11322
"c:\Users\Lenovo\Desktop\React——Editor\server\package.json", "JSON", 0, 95, 0, 0, 0, 0, 1, 96
"c:\Users\Lenovo\Desktop\React——Editor\server\src\action.ts", "TypeScript", 0, 0, 0, 18, 0, 3, 3, 24
"c:\Users\Lenovo\Desktop\React——Editor\server\src\ai\ai.controller.ts", "TypeScript", 0, 0, 0, 43, 0, 4, 8, 55
"c:\Users\Lenovo\Desktop\React——Editor\server\src\ai\ai.module.ts", "TypeScript", 0, 0, 0, 8, 0, 0, 2, 10
"c:\Users\Lenovo\Desktop\React——Editor\server\src\ai\ai.service.ts", "TypeScript", 0, 0, 0, 66, 0, 6, 16, 88
"c:\Users\Lenovo\Desktop\React——Editor\server\src\ai\dto\chat.dto.ts", "TypeScript", 0, 0, 0, 35, 0, 3, 9, 47
"c:\Users\Lenovo\Desktop\React——Editor\server\src\app.controller.ts", "TypeScript", 0, 0, 0, 10, 0, 0, 3, 13
"c:\Users\Lenovo\Desktop\React——Editor\server\src\app.module.ts", "TypeScript", 0, 0, 0, 28, 0, 3, 2, 33
"c:\Users\Lenovo\Desktop\React——Editor\server\src\app.service.ts", "TypeScript", 0, 0, 0, 7, 0, 0, 2, 9
"c:\Users\Lenovo\Desktop\React——Editor\server\src\auth\auth.controller.ts", "TypeScript", 0, 0, 0, 71, 0, 47, 23, 141
"c:\Users\Lenovo\Desktop\React——Editor\server\src\auth\auth.module.ts", "TypeScript", 0, 0, 0, 37, 0, 2, 4, 43
"c:\Users\Lenovo\Desktop\React——Editor\server\src\auth\auth.service.ts", "TypeScript", 0, 0, 0, 126, 0, 21, 26, 173
"c:\Users\Lenovo\Desktop\React——Editor\server\src\auth\decorators\current-user.decorator.ts", "TypeScript", 0, 0, 0, 8, 0, 9, 2, 19
"c:\Users\Lenovo\Desktop\React——Editor\server\src\auth\decorators\public.decorator.ts", "TypeScript", 0, 0, 0, 3, 0, 11, 3, 17
"c:\Users\Lenovo\Desktop\React——Editor\server\src\auth\filters\oauth-exception.filter.ts", "TypeScript", 0, 0, 0, 0, 0, 0, 1, 1
"c:\Users\Lenovo\Desktop\React——Editor\server\src\auth\guards\jwt-auth.guard.ts", "TypeScript", 0, 0, 0, 20, 0, 5, 5, 30
"c:\Users\Lenovo\Desktop\React——Editor\server\src\auth\guards\oauth.guard.ts", "TypeScript", 0, 0, 0, 0, 0, 0, 1, 1
"c:\Users\Lenovo\Desktop\React——Editor\server\src\auth\leads\GITHUB_LOGIN_FLOW.md", "Markdown", 0, 0, 177, 0, 0, 0, 68, 245
"c:\Users\Lenovo\Desktop\React——Editor\server\src\auth\leads\GITHUB_两次调用详解.md", "Markdown", 0, 0, 193, 0, 0, 0, 56, 249
"c:\Users\Lenovo\Desktop\React——Editor\server\src\auth\leads\LOGIN_LOCAL_FLOW.md", "Markdown", 0, 0, 302, 0, 0, 0, 88, 390
"c:\Users\Lenovo\Desktop\React——Editor\server\src\auth\leads\全局JWT_Guard使用说明.md", "Markdown", 0, 0, 176, 0, 0, 0, 58, 234
"c:\Users\Lenovo\Desktop\React——Editor\server\src\auth\leads\策略检查报告.md", "Markdown", 0, 0, 99, 0, 0, 0, 39, 138
"c:\Users\Lenovo\Desktop\React——Editor\server\src\auth\strategies\github.strategy.ts", "TypeScript", 0, 0, 0, 20, 0, 4, 2, 26
"c:\Users\Lenovo\Desktop\React——Editor\server\src\auth\strategies\jwt.strategy.ts", "TypeScript", 0, 0, 0, 27, 0, 2, 2, 31
"c:\Users\Lenovo\Desktop\React——Editor\server\src\auth\strategies\local.startegy.ts", "TypeScript", 0, 0, 0, 17, 0, 1, 4, 22
"c:\Users\Lenovo\Desktop\React——Editor\server\src\chat\chat.gateway.ts", "TypeScript", 0, 0, 0, 359, 0, 97, 74, 530
"c:\Users\Lenovo\Desktop\React——Editor\server\src\chat\chat.module.ts", "TypeScript", 0, 0, 0, 12, 0, 0, 1, 13
"c:\Users\Lenovo\Desktop\React——Editor\server\src\chat\yjs-document.service.ts", "TypeScript", 0, 0, 0, 62, 0, 16, 6, 84
"c:\Users\Lenovo\Desktop\React——Editor\server\src\dto\login.user.dto.ts", "TypeScript", 0, 0, 0, 8, 0, 0, 3, 11
"c:\Users\Lenovo\Desktop\React——Editor\server\src\dto\register.user.dto.ts", "TypeScript", 0, 0, 0, 13, 0, 0, 5, 18
"c:\Users\Lenovo\Desktop\React——Editor\server\src\main.ts", "TypeScript", 0, 0, 0, 32, 0, 5, 5, 42
"c:\Users\Lenovo\Desktop\React——Editor\server\src\ormcofig.ts", "TypeScript", 0, 0, 0, 16, 0, 3, 3, 22
"c:\Users\Lenovo\Desktop\React——Editor\server\src\room\dto\create-room.dto.ts", "TypeScript", 0, 0, 0, 17, 0, 0, 4, 21
"c:\Users\Lenovo\Desktop\React——Editor\server\src\room\dto\join-room.dto.ts", "TypeScript", 0, 0, 0, 6, 0, 0, 0, 6
"c:\Users\Lenovo\Desktop\React——Editor\server\src\room\dto\update-member.dto.ts", "TypeScript", 0, 0, 0, 5, 0, 1, 0, 6
"c:\Users\Lenovo\Desktop\React——Editor\server\src\room\dto\update-room.dto.ts", "TypeScript", 0, 0, 0, 17, 0, 0, 4, 21
"c:\Users\Lenovo\Desktop\React——Editor\server\src\room\entities\room-member.entity.ts", "TypeScript", 0, 0, 0, 44, 0, 10, 12, 66
"c:\Users\Lenovo\Desktop\React——Editor\server\src\room\entities\room.entitiey.ts", "TypeScript", 0, 0, 0, 45, 0, 14, 25, 84
"c:\Users\Lenovo\Desktop\React——Editor\server\src\room\room.controller.ts", "TypeScript", 0, 0, 0, 135, 0, 17, 19, 171
"c:\Users\Lenovo\Desktop\React——Editor\server\src\room\room.module.ts", "TypeScript", 0, 0, 0, 14, 0, 0, 1, 15
"c:\Users\Lenovo\Desktop\React——Editor\server\src\room\room.service.ts", "TypeScript", 0, 0, 0, 241, 0, 53, 76, 370
"c:\Users\Lenovo\Desktop\React——Editor\server\src\user\entities\user.entitiey.ts", "TypeScript", 0, 0, 0, 40, 0, 6, 12, 58
"c:\Users\Lenovo\Desktop\React——Editor\server\src\user\user.controller.ts", "TypeScript", 0, 0, 0, 15, 0, 0, 3, 18
"c:\Users\Lenovo\Desktop\React——Editor\server\src\user\user.module.ts", "TypeScript", 0, 0, 0, 12, 0, 1, 2, 15
"c:\Users\Lenovo\Desktop\React——Editor\server\src\user\user.service.ts", "TypeScript", 0, 0, 0, 75, 0, 9, 10, 94
"c:\Users\Lenovo\Desktop\React——Editor\server\test\app.e2e-spec.ts", "TypeScript", 0, 0, 0, 21, 0, 0, 5, 26
"c:\Users\Lenovo\Desktop\React——Editor\server\test\jest-e2e.json", "JSON", 0, 9, 0, 0, 0, 0, 1, 10
"c:\Users\Lenovo\Desktop\React——Editor\server\tsconfig.build.json", "JSON", 0, 4, 0, 0, 0, 0, 1, 5
"c:\Users\Lenovo\Desktop\React——Editor\server\tsconfig.json", "JSON with Comments", 25, 0, 0, 0, 0, 0, 1, 26
"Total", "-", 25, 11437, 948, 1733, 32, 354, 704, 15233